env,country,loc,year,water,lat,lon,sowing,sow_day,site,"A: 25 mm in 3 days, no 10-day dry spell in next 30","A: 25 mm in 3 days, no 10-day dry spell in next 30 | gap","B: 20 mm in 3 days, no 7-day dry spell in next 30","B: 20 mm in 3 days, no 7-day dry spell in next 30 | gap",C: 25 mm in 3 days (no false-start check),C: 25 mm in 3 days (no false-start check) | gap
E0103,Zambia,L073,2019,Rainfed,-15.298,28.303,2019-12-14,74,s0,2020-01-04,-21,2020-01-28,-45,2019-11-12,32
E0104,Zambia,L074,2019,Rainfed,-13.509,28.155,2019-12-24,84,s1,2019-11-22,32,2019-11-21,33,2019-11-22,32
E0105,Zambia,L075,2019,Rainfed,-15.336,28.526,2019-12-05,65,s2,2020-01-04,-30,2020-01-28,-54,2019-11-12,23
E0106,Zambia,L076,2019,Rainfed,-15.392,28.583,2019-12-18,78,s3,2020-01-05,-18,2020-01-28,-41,2019-11-12,36
E0107,Zambia,L077,2019,Rainfed,-10.167,31.233,2019-12-30,90,s4,2019-11-22,38,2019-11-14,46,2019-11-22,38
E0108,Zambia,L078,2019,Rainfed,-14.441,28.443,2019-12-27,87,s5,2019-11-12,45,2020-01-28,-32,2019-11-12,45
E015,Malawi,L010,2017,Rainfed,-13.667,34.25,2017-12-19,79,s6,2017-12-09,10,2017-12-09,10,2017-11-26,23
E0154,Malawi,L094,2020,Rainfed,-14.177,33.8,2020-12-12,72,s7,2020-11-30,12,2020-11-30,12,2020-11-30,12
E0155,Malawi,L071,2020,Rainfed,-12.117,33.421,2020-12-15,75,s8,2020-11-30,15,2020-11-30,15,2020-11-30,15
E0156,Malawi,L011,2020,Rainfed,-13.979,33.645,2020-12-10,70,s9,2020-12-01,9,2020-12-01,9,2020-12-01,9
E0157,Malawi,L010,2020,Rainfed,-13.673,34.266,2020-12-26,86,s10,2020-12-01,25,2020-11-29,27,2020-12-01,25
E0158,Malawi,L024,2020,Rainfed,-15.926,35.067,2020-12-14,74,s11,2020-11-30,14,2020-11-25,19,2020-11-30,14
E0159,Malawi,L017,2020,Rainfed,-13.68,32.734,2020-12-17,77,s12,2020-12-02,15,2020-12-01,16,2020-12-02,15
E016,Malawi,L011,2017,Rainfed,-13.983,33.633,2017-12-18,78,s13,2017-11-09,39,2017-11-09,39,2017-11-09,39
E0160,Malawi,L072,2020,Rainfed,-13.947,33.679,2020-12-23,83,s14,2020-11-30,23,2020-11-30,23,2020-11-30,23
E0161,Malawi,L016,2020,Rainfed,-13.407,33.621,2020-12-08,68,s15,2020-12-01,7,2020-11-30,8,2020-12-01,7
E0162,Malawi,L015,2020,Rainfed,-12.943,33.467,2020-12-22,82,s16,2020-11-29,23,2020-11-29,23,2020-11-29,23
E0169,Zambia,L098,2020,Rainfed,-15.301,28.305,2020-12-26,86,s17,2020-11-30,26,2020-11-29,27,2020-11-30,26
E017,Malawi,L012,2017,Rainfed,-9.926,33.909,2018-02-01,123,s18,2017-12-09,54,2017-12-09,54,2017-12-09,54
E0170,Zambia,L073,2020,Rainfed,-15.288,28.296,2020-12-30,90,s19,2020-11-30,30,2020-11-10,50,2020-11-30,30
E0171,Zambia,L099,2020,Rainfed,-15.404,28.08,2020-12-17,77,s20,2020-11-30,17,2020-11-10,37,2020-11-30,17
E0172,Zambia,L074,2020,Rainfed,-13.559,28.155,2020-12-12,72,s21,2020-11-30,12,2020-11-23,19,2020-11-30,12
E0173,Zambia,L0100,2020,Rainfed,-15.392,28.584,2020-12-10,70,s22,2020-11-30,10,2020-11-29,11,2020-11-30,10
E0174,Zambia,L075,2020,Rainfed,-15.337,28.526,2021-01-06,97,s23,2020-11-30,37,2020-11-29,38,2020-11-30,37
E0175,Zambia,L078,2020,Rainfed,-14.234,28.294,2020-12-22,82,s24,2020-11-29,23,2020-11-29,23,2020-11-29,23
E0176,Zambia,L0101,2020,Rainfed,-15.828,27.909,2021-01-06,97,s25,2020-11-30,37,2020-11-30,37,2020-11-30,37
E018,Malawi,L013,2017,Rainfed,-10.933,33.683,2017-12-21,81,s26,2017-11-26,25,2017-12-09,12,2017-11-26,25
E019,Malawi,L014,2017,Rainfed,-12.95,33.683,2018-01-15,106,s27,2017-11-24,52,2017-12-09,37,2017-11-10,66
E020,Malawi,L015,2017,Rainfed,-12.933,33.467,2017-12-21,81,s28,2017-11-24,27,2017-11-24,27,2017-11-10,41
E021,Malawi,L016,2017,Rainfed,-13.417,33.617,2018-01-11,102,s29,2017-11-24,48,2017-11-24,48,2017-11-10,62
E0214,Malawi,L0105,2021,Rainfed,-13.403,33.629,2021-12-17,77,s30,2022-01-04,-18,2021-12-31,-14,2021-12-18,-1
E0215,Malawi,L0106,2021,Rainfed,-12.937,33.465,2022-01-06,97,s31,2022-01-03,3,2022-01-01,5,2021-11-23,44
E0224,Zambia,L0117,2021,Supplementary,-15.335,28.391,2022-01-05,96,s32,2021-12-17,19,2021-12-17,19,2021-12-17,19
E0227,Zambia,L074,2021,Supplementary,-13.544,28.064,2022-01-03,94,s33,2021-11-02,62,2021-12-16,18,2021-11-02,62
E0229,Zambia,L0119,2021,Supplementary,-15.289,28.296,2021-12-19,79,s34,2021-12-17,2,2021-12-17,2,2021-12-17,2
E0248,Malawi,L0124,2022,Supplementary,-16.09,34.778,2023-01-27,118,s35,2022-12-05,53,2022-12-05,53,2022-12-05,53
E0249,Malawi,L0125,2022,Rainfed,-12.571,33.402,2022-12-27,87,s36,2022-11-29,28,2022-11-22,35,2022-11-29,28
E0251,Malawi,L0105,2022,Rainfed,-13.406,33.984,2022-12-21,81,s37,2022-12-05,16,2022-11-22,29,2022-12-05,16
E0253,Zambia,L073,2022,Rainfed,-15.299,28.303,2022-12-26,86,s38,2022-11-03,53,2022-12-17,9,2022-11-03,53
E0254,Zambia,L099,2022,Supplementary,-15.406,28.079,2022-12-05,65,s39,2022-11-08,27,2022-12-08,-3,2022-11-08,27
E0272,Malawi,L017,2023,Rainfed,-13.631,32.544,2024-01-02,93,s40,2023-12-25,8,2023-12-09,24,2023-12-25,8
E0274,Malawi,L0125,2023,Rainfed,-12.952,33.703,2023-12-28,88,s41,2023-11-29,29,2023-11-28,30,2023-11-29,29
E0279,Zambia,L0134,2023,Supplementary,-13.879,29.106,2023-12-22,82,s42,2023-12-10,12,2023-12-09,13,2023-12-10,12
E0281,Zambia,L099,2023,Supplementary,-15.409,28.081,2023-12-18,78,s43,2023-12-12,6,2023-12-11,7,2023-12-12,6
E0283,Zambia,L0118,2023,Rainfed,-15.34,28.52,2023-12-18,78,s44,2023-12-10,8,2023-12-10,8,2023-12-10,8
E0284,Zambia,L0135,2023,Supplementary,-15.29,28.299,2023-12-20,80,s45,2023-12-10,10,2023-12-10,10,2023-12-10,10
E0285,Zambia,L0136,2023,Rainfed,-12.423,26.217,2023-12-31,91,s46,2023-11-25,36,2023-11-19,42,2023-11-25,36
E029,Malawi,L012,2018,Rainfed,-9.926,33.909,2019-01-03,94,s18,2018-12-20,14,2018-12-08,26,2018-12-20,14
E0292,Malawi,L0138,2024,Rainfed,-12.947,33.688,2025-01-03,94,s47,2024-11-24,40,2024-12-29,5,2024-11-24,40
E030,Malawi,L011,2018,Rainfed,-13.973,33.517,2018-12-19,79,s48,2018-11-25,24,2018-11-21,28,2018-11-25,24
E031,Malawi,L010,2018,Rainfed,-13.69,34.25,2018-12-14,74,s49,2018-12-08,6,2018-12-06,8,2018-12-08,6
E032,Malawi,L024,2018,Rainfed,-15.922,35.073,2018-12-13,73,s50,2018-11-22,21,2018-11-22,21,2018-11-22,21
E033,Malawi,L017,2018,Rainfed,-13.637,32.488,2018-12-14,74,s51,2018-11-26,18,2018-12-05,9,2018-11-26,18
E034,Malawi,L025,2018,Rainfed,-14.217,33.7,2018-12-07,67,s52,2018-11-26,11,2018-11-22,15,2018-11-26,11
E035,Malawi,L016,2018,Rainfed,-13.419,33.614,2018-12-17,77,s53,2018-12-06,11,2018-11-23,24,2018-12-06,11
E036,Malawi,L015,2018,Rainfed,-12.942,33.466,2018-12-21,81,s54,2018-12-06,15,2018-12-06,15,2018-12-06,15
E092,Malawi,L071,2019,Rainfed,-12.117,33.421,2019-12-27,87,s8,2019-11-23,34,2019-11-23,34,2019-11-23,34
E093,Malawi,L011,2019,Rainfed,-13.979,33.645,2019-12-19,79,s9,2019-11-24,25,2019-11-15,34,2019-11-24,25
E094,Malawi,L010,2019,Rainfed,-13.673,34.266,2019-12-21,81,s10,2019-11-26,25,2019-11-26,25,2019-11-26,25
E095,Malawi,L024,2019,Rainfed,-15.926,35.067,2019-12-23,83,s11,2019-12-08,15,2019-11-25,28,2019-12-08,15
