source,model,n,MAE,RMSE,MAE_rust_envs,class_acc,within_1,spearman
IFS (9 km) + CHIRPS rain (5 km),Random forest,83.0,0.46,0.696,1.18,0.747,0.916,0.19
IFS (9 km),Random forest,83.0,0.461,0.697,1.181,0.747,0.916,0.19
ERA5 (25 km),Random forest,83.0,0.498,0.714,1.206,0.675,0.916,0.133
ERA5-Land (11 km),Random forest,83.0,0.465,0.695,1.209,0.759,0.916,0.163
IFS (9 km) + CHIRPS rain (5 km),Ridge,83.0,0.494,0.709,1.233,0.747,0.904,0.203
IFS (9 km),Ridge,83.0,0.493,0.71,1.234,0.747,0.904,0.199
none,Baseline (mean),83.0,0.535,0.723,1.246,0.783,0.892,-0.072
ERA5-Land (11 km),Ridge,83.0,0.518,0.738,1.254,0.699,0.904,0.112
ERA5 (25 km),Ridge,83.0,0.562,0.782,1.303,0.663,0.904,-0.046
