env,year,country,loc,model,obs,pred,severity,sev_max,alert
E0103,2019,Zambia,L073,Logistic,0,0.6066641790327106,1.0,1,Orange
E0105,2019,Zambia,L075,Logistic,0,0.5907073173002876,1.0,1,Orange
E0106,2019,Zambia,L076,Logistic,0,0.6267331758908148,1.0,1,Orange
E0107,2019,Zambia,L077,Logistic,0,0.5255252866580702,1.125,2,Orange
E0108,2019,Zambia,L078,Logistic,0,0.5399185651562488,1.025,2,Orange
E075,2019,Malawi,L063,Logistic,0,0.38791802405926246,1.025,2,Yellow
E076,2019,Malawi,L064,Logistic,0,0.2921254695770376,1.0,1,Yellow
E077,2019,Malawi,L017,Logistic,0,0.34817200719659497,1.0,1,Yellow
E078,2019,Malawi,L016,Logistic,0,0.31599939409934963,1.0,1,Yellow
E079,2019,Malawi,L015,Logistic,0,0.22188341472209847,1.0,1,Green
E092,2019,Malawi,L071,Logistic,1,0.4902035297617057,2.466666666666667,4,Yellow
E093,2019,Malawi,L011,Logistic,1,0.5991016290443,3.4,5,Orange
E094,2019,Malawi,L010,Logistic,0,0.7012814745689047,1.0,1,Orange
E095,2019,Malawi,L024,Logistic,1,0.6410483692268157,1.9,4,Orange
E096,2019,Malawi,L017,Logistic,1,0.6142009382153621,1.1,3,Orange
E097,2019,Malawi,L072,Logistic,1,0.5845145435910524,2.466666666666667,4,Orange
E098,2019,Malawi,L016,Logistic,1,0.5820541394314155,2.8,4,Orange
E099,2019,Malawi,L015,Logistic,0,0.5488003436737965,1.0666666666666667,2,Orange
E0137,2020,Malawi,L063,Logistic,0,0.1662621887367121,1.0,1,Green
E0138,2020,Malawi,L064,Logistic,0,0.10563119321043646,1.0,1,Green
E0139,2020,Malawi,L087,Logistic,0,0.122246472057149,1.02,2,Green
E0140,2020,Malawi,L015,Logistic,1,0.17591535361598903,1.38,3,Green
E0154,2020,Malawi,L094,Logistic,1,0.5762464300483453,2.35,3,Orange
E0155,2020,Malawi,L071,Logistic,1,0.2656306776481457,2.05,4,Yellow
E0156,2020,Malawi,L011,Logistic,1,0.5770149874156012,3.9,5,Orange
E0158,2020,Malawi,L024,Logistic,1,0.4473420729858108,3.875,5,Yellow
E0159,2020,Malawi,L017,Logistic,1,0.42222348218316885,2.05,4,Yellow
E0161,2020,Malawi,L016,Logistic,1,0.5175071300819604,2.3,4,Orange
E0162,2020,Malawi,L015,Logistic,1,0.3170589505853408,1.35,3,Yellow
E0198,2021,Malawi,L0104,Logistic,0,0.1977476835634141,1.0,1,Green
E0199,2021,Malawi,L064,Logistic,0,0.1655315467840149,1.0,1,Green
E0200,2021,Malawi,L0105,Logistic,0,0.17268961116220427,1.0,1,Green
E0201,2021,Malawi,L0106,Logistic,0,0.22177522239548328,1.0,1,Green
E0214,2021,Malawi,L0105,Logistic,1,0.5478057096482563,3.05,5,Orange
E0224,2021,Zambia,L0117,Logistic,1,0.5029856403107292,1.1,4,Orange
E0226,2021,Zambia,L099,Logistic,0,0.559966375006227,1.0,1,Orange
E0227,2021,Zambia,L074,Logistic,0,0.4938998960745094,1.0,1,Yellow
E0228,2021,Zambia,L0118,Logistic,0,0.5260349221563975,1.0,1,Orange
E0229,2021,Zambia,L0119,Logistic,1,0.5585986208269736,1.15,3,Orange
E0230,2021,Zambia,L078,Logistic,1,0.43834041486718295,1.9,5,Yellow
E0248,2022,Malawi,L0124,Logistic,0,0.6107539301894362,1.175,2,Orange
E0249,2022,Malawi,L0125,Logistic,1,0.5479989675558923,1.325,5,Orange
E0251,2022,Malawi,L0105,Logistic,1,0.7021258437195633,2.525,5,Orange
E0252,2022,Zambia,L098,Logistic,1,0.6750140607665367,1.564102564102564,3,Orange
E0253,2022,Zambia,L073,Logistic,0,0.7176434511815057,1.0512820512820513,2,Orange
E0255,2022,Zambia,L074,Logistic,0,0.6644083321726036,1.0,1,Orange
E0266,2023,Malawi,L0124,Logistic,1,0.09821982657550168,2.7857142857142856,3,Green
E0267,2023,Malawi,L0125,Logistic,0,0.12208709750234123,1.0,1,Green
E0271,2023,Malawi,L0124,Logistic,1,0.4998018565695411,2.53125,4,Yellow
E0272,2023,Malawi,L017,Logistic,0,0.4631607738682549,1.0,1,Yellow
E0273,2023,Malawi,L0131,Logistic,0,0.09602096344827311,1.0,1,Green
E0274,2023,Malawi,L0125,Logistic,0,0.5220008709670904,1.0,1,Orange
E0275,2023,Malawi,L0132,Logistic,1,0.3599710417293206,3.1379310344827585,5,Yellow
E0276,2023,Malawi,L0105,Logistic,0,0.4385156395643591,1.0,1,Yellow
E0278,2023,Zambia,L0133,Logistic,1,0.24369936432941466,1.1724137931034482,3,Green
E0279,2023,Zambia,L0134,Logistic,0,0.2718581737916117,1.0,1,Yellow
E0281,2023,Zambia,L099,Logistic,0,0.3756856937338767,1.0,1,Yellow
E0282,2023,Zambia,L074,Logistic,0,0.3769409924219367,1.0,1,Yellow
E0283,2023,Zambia,L0118,Logistic,0,0.33919605372491574,1.0,1,Yellow
E0285,2023,Zambia,L0136,Logistic,1,0.5581815200336024,1.2413793103448276,3,Orange
E0289,2024,Malawi,L0124,Logistic,0,0.22459574446964,1.0,1,Green
E0290,2024,Malawi,L0105,Logistic,0,0.2285075981116776,1.0,1,Green
E0292,2024,Malawi,L0138,Logistic,0,0.43383233649424435,1.0,1,Yellow
