env,year,country,loc,model,obs,pred
E0103,2019,Zambia,L073,Baseline,1.0,1.3781481481481481
E0105,2019,Zambia,L075,Baseline,1.0,1.3781481481481481
E0106,2019,Zambia,L076,Baseline,1.0,1.3781481481481481
E0107,2019,Zambia,L077,Baseline,1.125,1.3781481481481481
E0108,2019,Zambia,L078,Baseline,1.025,1.3781481481481481
E075,2019,Malawi,L063,Baseline,1.025,1.3781481481481481
E076,2019,Malawi,L064,Baseline,1.0,1.3781481481481481
E077,2019,Malawi,L017,Baseline,1.0,1.3781481481481481
E078,2019,Malawi,L016,Baseline,1.0,1.3781481481481481
E079,2019,Malawi,L015,Baseline,1.0,1.3781481481481481
E092,2019,Malawi,L071,Baseline,2.466666666666667,1.3781481481481481
E093,2019,Malawi,L011,Baseline,3.4,1.3781481481481481
E094,2019,Malawi,L010,Baseline,1.0,1.3781481481481481
E095,2019,Malawi,L024,Baseline,1.9,1.3781481481481481
E096,2019,Malawi,L017,Baseline,1.1,1.3781481481481481
E097,2019,Malawi,L072,Baseline,2.466666666666667,1.3781481481481481
E098,2019,Malawi,L016,Baseline,2.8,1.3781481481481481
E099,2019,Malawi,L015,Baseline,1.0666666666666667,1.3781481481481481
E0103,2019,Zambia,L073,Random forest,1.0,1.499378894099729
E0105,2019,Zambia,L075,Random forest,1.0,1.4869549037999052
E0106,2019,Zambia,L076,Random forest,1.0,1.502106846240181
E0107,2019,Zambia,L077,Random forest,1.125,1.503058068382237
E0108,2019,Zambia,L078,Random forest,1.025,1.4142491097482766
E075,2019,Malawi,L063,Random forest,1.025,1.257077335257335
E076,2019,Malawi,L064,Random forest,1.0,1.2429477308802306
E077,2019,Malawi,L017,Random forest,1.0,1.2567561083052747
E078,2019,Malawi,L016,Random forest,1.0,1.2567561083052747
E079,2019,Malawi,L015,Random forest,1.0,1.2562230130671794
E092,2019,Malawi,L071,Random forest,2.466666666666667,1.3968736483886497
E093,2019,Malawi,L011,Random forest,3.4,1.5133529000320682
E094,2019,Malawi,L010,Random forest,1.0,1.5225299310565994
E095,2019,Malawi,L024,Random forest,1.9,1.4984682483565823
E096,2019,Malawi,L017,Random forest,1.1,1.3030872109988778
E097,2019,Malawi,L072,Random forest,2.466666666666667,1.5133529000320682
E098,2019,Malawi,L016,Random forest,2.8,1.5076233076799754
E099,2019,Malawi,L015,Random forest,1.0666666666666667,1.5265798256373273
E0137,2020,Malawi,L063,Baseline,1.0,1.4256734006734006
E0138,2020,Malawi,L064,Baseline,1.0,1.4256734006734006
E0139,2020,Malawi,L087,Baseline,1.02,1.4256734006734006
E0140,2020,Malawi,L015,Baseline,1.38,1.4256734006734006
E0154,2020,Malawi,L094,Baseline,2.35,1.4256734006734006
E0155,2020,Malawi,L071,Baseline,2.05,1.4256734006734006
E0156,2020,Malawi,L011,Baseline,3.9,1.4256734006734006
E0158,2020,Malawi,L024,Baseline,3.875,1.4256734006734006
E0159,2020,Malawi,L017,Baseline,2.05,1.4256734006734006
E0161,2020,Malawi,L016,Baseline,2.3,1.4256734006734006
E0162,2020,Malawi,L015,Baseline,1.35,1.4256734006734006
E0137,2020,Malawi,L063,Random forest,1.0,1.117628109718895
E0138,2020,Malawi,L064,Random forest,1.0,1.1013995526119675
E0139,2020,Malawi,L087,Random forest,1.02,1.0998887185590376
E0140,2020,Malawi,L015,Random forest,1.38,1.1270284412668854
E0154,2020,Malawi,L094,Random forest,2.35,1.915713863351153
E0155,2020,Malawi,L071,Random forest,2.05,1.6658548412911531
E0156,2020,Malawi,L011,Random forest,3.9,1.493635662200002
E0158,2020,Malawi,L024,Random forest,3.875,1.6239362489317153
E0159,2020,Malawi,L017,Random forest,2.05,1.8896614462389452
E0161,2020,Malawi,L016,Random forest,2.3,1.5667139026405703
E0162,2020,Malawi,L015,Random forest,1.35,1.2585940871519545
E0198,2021,Malawi,L0104,Baseline,1.0,1.5755050505050503
E0199,2021,Malawi,L064,Baseline,1.0,1.5755050505050503
E0200,2021,Malawi,L0105,Baseline,1.0,1.5755050505050503
E0201,2021,Malawi,L0106,Baseline,1.0,1.5755050505050503
E0214,2021,Malawi,L0105,Baseline,3.05,1.5755050505050503
E0224,2021,Zambia,L0117,Baseline,1.1,1.5755050505050503
E0226,2021,Zambia,L099,Baseline,1.0,1.5755050505050503
E0227,2021,Zambia,L074,Baseline,1.0,1.5755050505050503
E0228,2021,Zambia,L0118,Baseline,1.0,1.5755050505050503
E0229,2021,Zambia,L0119,Baseline,1.15,1.5755050505050503
E0230,2021,Zambia,L078,Baseline,1.9,1.5755050505050503
E0198,2021,Malawi,L0104,Random forest,1.0,1.1967591245744997
E0199,2021,Malawi,L064,Random forest,1.0,1.060381518637226
E0200,2021,Malawi,L0105,Random forest,1.0,1.0922137617826069
E0201,2021,Malawi,L0106,Random forest,1.0,1.1162380834397085
E0214,2021,Malawi,L0105,Random forest,3.05,2.076661968830554
E0224,2021,Zambia,L0117,Random forest,1.1,1.1669024833792752
E0226,2021,Zambia,L099,Random forest,1.0,1.420546984930193
E0227,2021,Zambia,L074,Random forest,1.0,1.3414483370607246
E0228,2021,Zambia,L0118,Random forest,1.0,1.244057737768042
E0229,2021,Zambia,L0119,Random forest,1.15,1.6225317903701244
E0230,2021,Zambia,L078,Random forest,1.9,1.1411362492041357
E0248,2022,Malawi,L0124,Baseline,1.175,1.5185858585858587
E0249,2022,Malawi,L0125,Baseline,1.325,1.5185858585858587
E0251,2022,Malawi,L0105,Baseline,2.525,1.5185858585858587
E0252,2022,Zambia,L098,Baseline,1.564102564102564,1.5185858585858587
E0253,2022,Zambia,L073,Baseline,1.0512820512820513,1.5185858585858587
E0255,2022,Zambia,L074,Baseline,1.0,1.5185858585858587
E0248,2022,Malawi,L0124,Random forest,1.175,1.2716712554308425
E0249,2022,Malawi,L0125,Random forest,1.325,1.1564550664315711
E0251,2022,Malawi,L0105,Random forest,2.525,2.2652852416719087
E0252,2022,Zambia,L098,Random forest,1.564102564102564,1.2462963700990353
E0253,2022,Zambia,L073,Random forest,1.0512820512820513,1.3737840358602902
E0255,2022,Zambia,L074,Random forest,1.0,1.3449853353170058
E0266,2023,Malawi,L0124,Baseline,2.7857142857142856,1.5108624071738825
E0267,2023,Malawi,L0125,Baseline,1.0,1.5108624071738825
E0271,2023,Malawi,L0124,Baseline,2.53125,1.5108624071738825
E0272,2023,Malawi,L017,Baseline,1.0,1.5108624071738825
E0273,2023,Malawi,L0131,Baseline,1.0,1.5108624071738825
E0274,2023,Malawi,L0125,Baseline,1.0,1.5108624071738825
E0275,2023,Malawi,L0132,Baseline,3.1379310344827585,1.5108624071738825
E0276,2023,Malawi,L0105,Baseline,1.0,1.5108624071738825
E0278,2023,Zambia,L0133,Baseline,1.1724137931034482,1.5108624071738825
E0279,2023,Zambia,L0134,Baseline,1.0,1.5108624071738825
E0281,2023,Zambia,L099,Baseline,1.0,1.5108624071738825
E0282,2023,Zambia,L074,Baseline,1.0,1.5108624071738825
E0283,2023,Zambia,L0118,Baseline,1.0,1.5108624071738825
E0285,2023,Zambia,L0136,Baseline,1.2413793103448276,1.5108624071738825
E0266,2023,Malawi,L0124,Random forest,2.7857142857142856,1.5241623002876759
E0267,2023,Malawi,L0125,Random forest,1.0,1.079073639926006
E0271,2023,Malawi,L0124,Random forest,2.53125,1.189066184152504
E0272,2023,Malawi,L017,Random forest,1.0,1.1439250471835862
E0273,2023,Malawi,L0131,Random forest,1.0,1.152810117788432
E0274,2023,Malawi,L0125,Random forest,1.0,1.4022327437588538
E0275,2023,Malawi,L0132,Random forest,3.1379310344827585,1.0659996440934068
E0276,2023,Malawi,L0105,Random forest,1.0,1.22783178592514
E0278,2023,Zambia,L0133,Random forest,1.1724137931034482,1.123077715377061
E0279,2023,Zambia,L0134,Random forest,1.0,1.158755556161549
E0281,2023,Zambia,L099,Random forest,1.0,1.1755740962229486
E0282,2023,Zambia,L074,Random forest,1.0,1.2002868569055238
E0283,2023,Zambia,L0118,Random forest,1.0,1.1399564229165893
E0285,2023,Zambia,L0136,Random forest,1.2413793103448276,1.276640500133142
E0289,2024,Malawi,L0124,Baseline,1.0,1.493750603483362
E0290,2024,Malawi,L0105,Baseline,1.0,1.493750603483362
E0292,2024,Malawi,L0138,Baseline,1.0,1.493750603483362
E0289,2024,Malawi,L0124,Random forest,1.0,1.275444439655926
E0290,2024,Malawi,L0105,Random forest,1.0,1.1271707318826336
E0292,2024,Malawi,L0138,Random forest,1.0,1.157253071008237
