env,country,loc,year,season,water,lat,lon,sowing,harvest,flw_days,ndm,n_gen,severity,sev_max,season_days,outbreak,R1_days,R8_days,R4_days,R6_days,R1_date,R4_date,R6_date,R8_date,win_end,win_start,R8_to_harvest,wet_hours,wet_days6,infect_days,tmin,tmax,hot_days,hours_T17_29,rain_total,rain_days,rh_mean,vpd_mean,srad,wind,wind_sin,wind_cos,soilm
E0103,Zambia,L073,2019,2,Rainfed,-15.298,28.303,2019-12-14,2020-04-07 00:00:00,49.66666667,102.3333333,40,1.0,1,115,0,49.66666667,102.3333333,67.0466666579,81.266666648,2020-02-02,2020-02-19,2020-03-04,2020-03-25,2020-02-19,2020-02-05,13,176,14,14,18.842857142857145,25.57857142857143,0,336,156.3,13,86.61904761904762,0.38369047619047625,210.92559523809524,2.715089285714286,0.33314792041677005,0.25503787772678943,0.48655059523809524
E0105,Zambia,L075,2019,2,Rainfed,-15.336,28.526,2019-12-05,2020-04-27 00:00:00,47.66666667,117.3333333,40,1.0,1,144,0,47.66666667,117.3333333,70.6566666579,89.466666648,2020-01-22,2020-02-14,2020-03-03,2020-03-31,2020-02-14,2020-01-31,27,153,14,14,18.478571428571428,25.428571428571423,0,334,120.00000000000001,13,84.10119047619048,0.45229166666666665,212.4345238095238,2.985208333333333,0.39784260930937587,0.11822919969058286,0.4828571428571429
E0106,Zambia,L076,2019,2,Rainfed,-15.392,28.583,2019-12-18,2020-04-14 00:00:00,44.66666667,107.6666667,40,1.0,1,118,0,44.66666667,107.6666667,65.4566666799,82.466666688,2020-02-01,2020-02-21,2020-03-09,2020-04-04,2020-02-21,2020-02-07,10,179,14,14,19.228571428571428,26.04285714285714,0,336,139.09999999999997,13,86.60416666666667,0.39452380952380955,204.17559523809524,2.532113095238095,0.29902398512862555,0.1561893611944658,0.4946815476190476
E0107,Zambia,L077,2019,2,Rainfed,-10.167,31.233,2019-12-30,2020-05-08 00:00:00,49.5,102.6666667,40,1.125,2,130,0,49.5,102.6666667,67.045000011,81.40000002,2020-02-18,2020-03-06,2020-03-20,2020-04-11,2020-03-06,2020-02-21,27,207,14,14,17.55,24.678571428571427,0,330,108.4,13,88.30059523809524,0.3279464285714286,203.5327380952381,1.820863095238095,0.24097215681729361,0.0412738452690896,0.40483630952380945
E0108,Zambia,L078,2019,2,Rainfed,-14.441,28.443,2019-12-27,2020-05-05 00:00:00,50.0,102.5,40,1.025,2,130,0,50.0,102.5,67.325,81.5,2020-02-15,2020-03-03,2020-03-18,2020-04-07,2020-03-03,2020-02-18,28,158,14,14,18.36428571428571,26.142857142857146,0,333,76.2,11,83.71428571428571,0.48139880952380953,232.88392857142858,2.9072916666666666,0.7521920890333545,-0.035590822850054965,0.352125
E0137,Malawi,L063,2020,1,Rainfed,-14.27,34.577,2020-06-17,2020-10-28 00:00:00,50.66666667,109.0,50,1.0,1,133,0,50.66666667,109.0,69.9166666689,85.666666668,2020-08-07,2020-08-26,2020-09-11,2020-10-04,2020-08-26,2020-08-12,24,0,0,0,18.557142857142857,28.75714285714286,3,297,0.4,0,47.973214285714285,1.6017261904761906,233.99107142857142,2.5548511904761906,0.08000121609733918,-0.39150707232196974,0.18224702380952382
E0138,Malawi,L064,2020,1,Rainfed,-15.22,35.492,2020-06-19,2020-11-16 00:00:00,53.833333335,99.33333335,50,1.0,1,150,0,53.833333335,99.33333335,68.84833333995,81.133333344,2020-08-12,2020-08-27,2020-09-08,2020-09-26,2020-08-27,2020-08-13,51,44,5,2,15.97857142857143,27.407142857142855,2,264,10.299999999999999,3,60.125,1.1586011904761904,222.38095238095238,2.3912500000000003,0.14134578741865317,-0.4004459691262065,0.10763095238095237
E0139,Malawi,L087,2020,1,Rainfed,-13.403,33.627,2020-06-08,2020-12-07 00:00:00,76.66666666500001,134.33333335,50,1.02,2,182,0,76.66666666500001,134.33333335,95.69666667105001,111.266666676,2020-08-24,2020-09-12,2020-09-27,2020-10-20,2020-09-12,2020-08-29,48,0,0,0,14.42857142857143,26.657142857142855,0,252,0.0,0,46.79761904761905,1.3989880952380953,272.64285714285717,4.2889880952380945,0.821612791432481,-0.25460148059651616,0.19702976190476193
E0140,Malawi,L015,2020,1,Rainfed,-12.938,33.463,2020-06-23,2020-12-27 00:00:00,80.0,130.0,50,1.38,3,187,1,80.0,130.0,96.5,110.0,2020-09-11,2020-09-27,2020-10-11,2020-10-31,2020-09-27,2020-09-13,57,0,0,0,18.414285714285715,30.37857142857143,8,271,0.0,0,42.74107142857143,1.852767857142857,275.14285714285717,4.521011904761904,0.940057827316305,0.0898257635731005,0.09634226190476189
E015,Malawi,L010,2017,2,Rainfed,-13.667,34.25,2017-12-19,2018-05-29 00:00:00,39.5,108.6666667,36,1.5555555555555556,4,161,1,39.5,108.6666667,62.325000011,81.00000001999999,2018-01-28,2018-02-19,2018-03-10,2018-04-07,2018-02-19,2018-02-05,52,129,10,10,21.42142857142857,27.342857142857145,0,331,221.79999999999998,12,84.04464285714286,0.5190178571428572,202.60714285714286,1.9495833333333334,0.03419204095116989,-0.05913822661975627,0.39265476190476195
E0154,Malawi,L094,2020,2,Rainfed,-14.177,33.8,2020-12-12,2021-05-06 00:00:00,47.0,98.5,40,2.35,3,145,1,47.0,98.5,63.995000000000005,77.9,2021-01-28,2021-02-14,2021-02-28,2021-03-20,2021-02-14,2021-01-31,47,185,14,14,17.742857142857144,25.11428571428571,0,331,110.2,14,87.76785714285714,0.3455952380952381,223.13690476190476,1.8994642857142858,0.2389887616010253,0.03103293299110817,0.4900386904761905
E0155,Malawi,L071,2020,2,Rainfed,-12.117,33.421,2020-12-15,2021-05-06 00:00:00,48.833333335,117.6666667,40,2.05,4,142,1,48.833333335,117.6666667,71.54833334545,90.13333335399999,2021-02-02,2021-02-25,2021-03-15,2021-04-12,2021-02-25,2021-02-11,24,155,13,13,17.678571428571427,24.307142857142857,0,327,101.60000000000001,13,85.0625,0.40404761904761904,190.72619047619048,2.5311607142857144,-0.010886037627640711,0.4611084148015125,0.36949404761904764
E0156,Malawi,L011,2020,2,Rainfed,-13.979,33.645,2020-12-10,2021-04-15 00:00:00,46.166666665,105.3333333,40,3.9,5,126,1,46.166666665,105.3333333,65.69166665455,81.66666664600001,2021-01-25,2021-02-14,2021-03-02,2021-03-25,2021-02-14,2021-01-31,21,176,14,14,18.064285714285713,25.678571428571427,0,335,102.5,10,86.7172619047619,0.3879761904761904,226.4672619047619,2.0017261904761905,0.3147385973894825,-0.03561952385458426,0.4699880952380952
E0158,Malawi,L024,2020,2,Rainfed,-15.926,35.067,2020-12-14,2021-04-29 00:00:00,52.0,107.83333335,40,3.875,5,136,1,52.0,107.83333335,70.42500000550001,85.50000001000001,2021-02-04,2021-02-22,2021-03-10,2021-04-01,2021-02-22,2021-02-08,28,154,12,12,19.42142857142857,25.22142857142857,0,336,85.7,12,85.76488095238095,0.4097321428571429,229.38988095238096,3.026220238095238,-0.34122202098942706,0.2508625322509537,0.48455952380952383
E0159,Malawi,L017,2020,2,Rainfed,-13.68,32.734,2020-12-17,2021-04-28 00:00:00,46.33333333,111.0,40,2.05,4,132,1,46.33333333,111.0,67.6733333311,85.133333332,2021-02-01,2021-02-23,2021-03-12,2021-04-07,2021-02-23,2021-02-09,21,168,12,12,18.478571428571428,24.31428571428571,0,336,147.29999999999998,12,87.4077380952381,0.3413988095238095,205.16666666666666,2.473333333333333,-0.15772230205257706,0.2923749403748963,0.471485119047619
E016,Malawi,L011,2017,2,Rainfed,-13.983,33.633,2017-12-18,2018-05-09 00:00:00,52.66666667,119.83333335,36,1.8888888888888888,4,142,1,52.66666667,119.83333335,74.8316666744,92.966666678,2018-02-09,2018-03-03,2018-03-21,2018-04-17,2018-03-03,2018-02-17,22,174,14,14,17.77142857142857,26.342857142857145,0,333,96.8,10,85.10119047619048,0.445952380952381,240.41964285714286,1.8980357142857143,0.4768779094038595,-0.015961009779072836,0.43215476190476193
E0161,Malawi,L016,2020,2,Rainfed,-13.407,33.621,2020-12-08,2021-04-21 00:00:00,43.5,97.0,40,2.3,4,134,1,43.5,97.0,61.155,75.6,2021-01-21,2021-02-07,2021-02-22,2021-03-15,2021-02-07,2021-01-24,37,158,13,13,17.62857142857143,25.449999999999996,0,334,84.89999999999999,13,84.79761904761905,0.42994047619047615,228.01785714285714,1.8120238095238093,0.5329058481870498,0.2704627644301795,0.4776815476190476
E0162,Malawi,L015,2020,2,Rainfed,-12.943,33.467,2020-12-22,2021-04-20 00:00:00,50.0,109.0,40,1.35,3,119,1,50.0,109.0,69.47,85.4,2021-02-10,2021-03-01,2021-03-17,2021-04-10,2021-03-01,2021-02-15,10,141,11,11,19.107142857142858,26.878571428571426,0,332,122.89999999999999,8,82.47916666666667,0.5455357142857143,215.08630952380952,1.9404464285714287,-0.1605191480440853,0.03995309998894864,0.3268452380952381
E017,Malawi,L012,2017,2,Rainfed,-9.926,33.909,2018-02-01,2018-06-01 00:00:00,,,36,1.0833333333333333,2,120,0,49.33333333,110.0,69.3533333311,85.733333332,2018-03-22,2018-04-11,2018-04-28,2018-05-22,2018-04-11,2018-03-28,10,107,10,10,22.157142857142862,27.43571428571428,0,336,132.1,13,83.41666666666667,0.5393154761904763,234.48809523809524,2.5830059523809523,0.2336459747861286,-0.1375434734931885,0.4906755952380953
E018,Malawi,L013,2017,2,Rainfed,-10.933,33.683,2017-12-21,2018-05-25 00:00:00,56.66666667,110.33333335,36,1.0277777777777777,2,155,0,56.66666667,110.33333335,74.3766666744,88.866666678,2018-02-16,2018-03-05,2018-03-20,2018-04-10,2018-03-05,2018-02-19,45,114,11,11,17.492857142857144,25.564285714285713,0,328,145.9,7,79.74107142857143,0.5800595238095237,206.3452380952381,2.2978273809523806,0.20213629691567275,0.22994169315474072,0.28254166666666664
E0198,Malawi,L0104,2021,1,Rainfed,-14.272,34.559,2021-06-24,2021-12-13 00:00:00,56.0,117.5,40,1.0,1,172,0,56.0,117.5,76.295,92.9,2021-08-19,2021-09-08,2021-09-25,2021-10-20,2021-09-08,2021-08-25,54,0,0,0,19.3,30.38571428571429,10,265,2.8000000000000003,1,43.56547619047619,1.8976488095238093,248.17261904761904,1.9464880952380952,-0.04951697877835626,-0.2964739476263886,0.08920238095238094
E0199,Malawi,L064,2021,1,Rainfed,-15.222,35.496,2021-06-30,2021-12-06 00:00:00,56.66666667,126.0,40,1.0,1,159,0,56.66666667,126.0,79.5466666689,98.266666668,2021-08-26,2021-09-18,2021-10-06,2021-11-03,2021-09-18,2021-09-04,33,18,1,0,17.9,29.12142857142857,3,292,3.0,2,53.44642857142857,1.4944940476190478,250.71428571428572,2.401190476190476,0.19532144903523316,-0.27064483625587415,0.10683035714285716
E0200,Malawi,L0105,2021,1,Rainfed,-13.403,33.629,2021-06-18,2022-01-29 00:00:00,79.0,131.6666667,40,1.0,1,225,0,79.0,131.6666667,96.380000011,110.60000002000001,2021-09-05,2021-09-22,2021-10-07,2021-10-28,2021-09-22,2021-09-08,93,0,0,0,15.950000000000001,27.214285714285715,1,279,0.1,0,50.67559523809524,1.3707142857142858,259.8988095238095,4.1865476190476185,0.8966760211445248,-0.03247123314566856,0.19804761904761908
E0201,Malawi,L0106,2021,1,Rainfed,-12.936,33.458,2021-06-18,2021-12-28 00:00:00,84.0,146.0,40,1.0,1,193,0,84.0,146.0,104.46000000000001,121.19999999999999,2021-09-10,2021-09-30,2021-10-17,2021-11-11,2021-09-30,2021-09-16,47,0,0,0,17.5,29.435714285714283,7,281,0.1,0,49.01190476190476,1.6014285714285716,261.20238095238096,4.336904761904762,0.9424398501003723,-0.009233011986697882,0.09686011904761903
E021,Malawi,L016,2017,2,Rainfed,-13.417,33.617,2018-01-11,2018-05-15 00:00:00,48.5,,36,1.0,1,124,0,48.5,110.0,68.795,85.4,2018-02-28,2018-03-21,2018-04-06,2018-05-01,2018-03-21,2018-03-07,14,134,14,14,17.21428571428571,25.892857142857142,0,319,43.5,10,81.64880952380952,0.5266964285714286,240.13392857142858,1.8340476190476191,0.44805494676632085,-0.32075599494439083,0.44943750000000005
E0214,Malawi,L0105,2021,2,Rainfed,-13.403,33.629,2021-12-17,2022-04-13 00:00:00,49.5,101.3333333,40,3.05,5,117,1,49.5,101.3333333,66.604999989,80.59999998,2022-02-05,2022-02-22,2022-03-08,2022-03-28,2022-02-22,2022-02-08,16,188,14,14,17.485714285714288,24.057142857142853,0,325,198.20000000000002,14,88.51785714285714,0.3013988095238095,165.47619047619048,1.468422619047619,-0.1275776059106152,-0.27173952816248215,0.4924345238095238
E022,Malawi,L017,2018,1,Rainfed,-13.672,32.659,2018-07-25,2018-12-24 00:00:00,49.0,113.25,40,1.65,3,152,1,49.0,113.25,70.2025,87.55,2018-09-12,2018-10-03,2018-10-21,2018-11-15,2018-10-03,2018-09-19,39,2,0,0,18.635714285714283,30.61428571428572,10,259,0.0,0,39.401785714285715,1.992113095238095,267.2083333333333,5.32297619047619,0.8877346597340547,0.020441709768521624,0.19754464285714285
E0224,Zambia,L0117,2021,2,Supplementary,-15.335,28.391,2022-01-05,2022-05-26 00:00:00,51.5,115.0,40,1.1,4,141,1,51.5,115.0,72.455,89.6,2022-02-26,2022-03-18,2022-04-05,2022-04-30,2022-03-18,2022-03-04,26,105,12,12,17.47142857142857,26.392857142857146,0,333,68.9,9,78.20535714285714,0.6372916666666667,247.125,2.6831250000000004,0.6549978128622581,0.05202708078577333,0.3284107142857143
E0226,Zambia,L099,2021,2,Irrigation,-15.403,28.082,2021-12-30,2022-06-02 00:00:00,57.5,116.5,40,1.0,1,154,0,57.5,116.5,76.97,92.9,2022-02-26,2022-03-17,2022-04-02,2022-04-25,2022-03-17,2022-03-03,38,31,2,2,18.671428571428574,27.099999999999998,0,336,56.300000000000004,10,75.08333333333333,0.74125,260.75892857142856,2.92764880952381,0.666388680039538,0.2712181435939906,0.4009732142857142
E0227,Zambia,L074,2021,2,Supplementary,-13.544,28.064,2022-01-03,2022-05-19 00:00:00,50.5,,40,1.0,1,136,0,50.5,110.0,70.135,86.19999999999999,2022-02-22,2022-03-14,2022-03-30,2022-04-23,2022-03-14,2022-02-28,26,161,14,13,16.97142857142857,26.742857142857137,0,318,53.7,11,83.07738095238095,0.5042559523809523,249.20833333333334,1.7532142857142858,0.6511150840933806,0.1645150800404298,0.30760714285714286
E0228,Zambia,L0118,2021,2,Irrigation,-15.338,28.522,2021-12-28,2022-05-26 00:00:00,57.66666667,126.0,40,1.0,1,149,0,57.66666667,126.0,80.2166666689,98.666666668,2022-02-24,2022-03-18,2022-04-06,2022-05-03,2022-03-18,2022-03-04,23,92,9,9,18.007142857142856,27.014285714285712,0,336,53.5,10,77.49107142857143,0.6727083333333335,248.3779761904762,2.403065476190476,0.5849809520020156,-0.09365838219185234,0.3885863095238095
E0229,Zambia,L0119,2021,2,Supplementary,-15.289,28.296,2021-12-19,2022-06-06 00:00:00,49.33333333,112.5,40,1.15,3,169,1,49.33333333,112.5,70.1783333311,87.233333332,2022-02-06,2022-02-27,2022-03-16,2022-04-10,2022-02-27,2022-02-13,57,159,14,14,16.985714285714284,25.642857142857142,0,321,46.20000000000001,11,83.38392857142857,0.4685119047619048,242.31845238095238,2.360267857142857,0.7735156253192083,-0.06676615519906416,0.3946696428571429
E0230,Zambia,L078,2021,2,Irrigation,-14.394,28.495,2021-12-30,2022-04-18 00:00:00,52.166666665,,40,1.9,5,109,1,52.166666665,110.0,71.25166666555,86.866666666,2022-02-20,2022-03-11,2022-03-27,2022-04-19,2022-03-11,2022-02-25,-1,137,14,13,16.635714285714283,26.657142857142855,0,305,19.1,7,80.375,0.5914285714285714,272.4970238095238,2.361815476190476,0.8714786323989595,-0.005430576570908351,0.2901220238095238
E024,Malawi,L019,2018,1,Rainfed,-13.419,33.615,2018-07-05,2019-01-22 00:00:00,69.125,132.875,40,1.0,1,201,0,69.125,132.875,90.1625,107.375,2018-09-12,2018-10-03,2018-10-20,2018-11-15,2018-10-03,2018-09-19,68,0,0,0,17.735714285714284,28.28571428571429,2,309,0.4,0,46.75,1.5727380952380954,280.6220238095238,4.844196428571429,0.9124481592981081,0.11944270898639148,0.19288392857142855
E0248,Malawi,L0124,2022,2,Supplementary,-16.09,34.778,2023-01-27,2023-06-03 00:00:00,35.0,102.0,40,1.175,2,127,0,35.0,102.0,57.11,75.19999999999999,2023-03-03,2023-03-25,2023-04-12,2023-05-09,2023-03-25,2023-03-11,25,116,9,9,21.900000000000002,28.092857142857145,4,309,225.09999999999997,8,83.76190476190476,0.555952380952381,179.1279761904762,2.9541666666666666,0.006511790424889696,-0.4678777154497066,0.44611904761904764
E0249,Malawi,L0125,2022,2,Rainfed,-12.571,33.402,2022-12-27,2023-05-26 00:00:00,46.0,103.0,40,1.325,5,150,1,46.0,103.0,64.81,80.19999999999999,2023-02-11,2023-03-02,2023-03-17,2023-04-09,2023-03-02,2023-02-16,47,122,10,10,17.67142857142857,26.057142857142857,0,328,49.4,10,81.52380952380952,0.5230952380952382,232.40178571428572,2.8841369047619048,0.23797772381147012,0.45442020502923713,0.34460714285714283
E025,Malawi,L020,2018,1,Rainfed,-14.264,34.57,2018-07-13,2018-11-23 00:00:00,59.25,96.25,40,1.0,1,133,0,59.25,96.25,71.46000000000001,81.45,2018-09-10,2018-09-22,2018-10-02,2018-10-17,2018-09-22,2018-09-08,37,0,0,0,21.63571428571429,31.385714285714283,11,250,0.6,0,49.080357142857146,1.8614285714285717,255.08333333333334,2.315625,-0.0986857312408747,-0.028679387959801923,0.18479761904761904
E0251,Malawi,L0105,2022,2,Rainfed,-13.406,33.984,2022-12-21,2023-05-05 00:00:00,49.33333333,104.6666667,40,2.525,5,135,1,49.33333333,104.6666667,67.5933333421,82.533333352,2023-02-08,2023-02-27,2023-03-14,2023-04-05,2023-02-27,2023-02-13,30,173,13,10,16.52857142857143,23.67142857142857,0,298,55.6,12,86.54166666666667,0.34136904761904757,222.85714285714286,2.3830357142857146,0.13293591741500124,0.42376271774637,0.48066964285714286
E0252,Zambia,L098,2022,2,Irrigation,-15.302,28.306,2022-12-26,2023-06-05 00:00:00,45.0,125.0,39,1.564102564102564,3,161,1,45.0,125.0,71.4,93.0,2023-02-09,2023-03-07,2023-03-29,2023-04-30,2023-03-07,2023-02-21,36,146,14,14,17.335714285714285,26.442857142857143,0,328,44.699999999999996,10,83.16666666666667,0.4987797619047619,251.88392857142858,2.241517857142857,0.16727399404061286,-0.18599161199562786,0.4134791666666667
E0253,Zambia,L073,2022,2,Rainfed,-15.299,28.303,2022-12-26,2023-05-10 00:00:00,43.33333333,110.0,39,1.0512820512820513,2,135,0,43.33333333,110.0,65.33333333110001,83.333333332,2023-02-07,2023-03-01,2023-03-19,2023-04-15,2023-03-01,2023-02-15,25,143,13,13,17.84285714285714,26.214285714285715,0,333,89.5,13,83.55357142857143,0.477172619047619,231.76190476190476,2.6176785714285717,-0.05947083177397242,0.1984770495175472,0.45499999999999996
E0255,Zambia,L074,2022,2,Irrigation,-15.406,28.078,2022-12-14,2023-05-04 00:00:00,45.833333335,115.66666665,30,1.0,1,141,0,45.833333335,115.66666665,68.87833332895,87.733333324,2023-01-29,2023-02-21,2023-03-12,2023-04-09,2023-02-21,2023-02-07,25,107,9,9,18.27857142857143,26.52142857142857,0,336,92.2,8,79.9077380952381,0.5850297619047619,247.92857142857142,3.0342857142857143,-0.222844258156069,0.6644567735115716,0.4760386904761904
E0266,Malawi,L0124,2023,1,Irrigation,-13.998,33.757,2023-05-26,2023-09-18 12:00:00,45.33333333,106.6666667,28,2.7857142857142856,3,115,1,45.33333333,106.6666667,65.5733333421,82.133333352,2023-07-10,2023-07-31,2023-08-16,2023-09-10,2023-07-31,2023-07-17,8,18,1,0,10.942857142857141,24.742857142857144,0,166,0.1,0,55.535714285714285,1.0417261904761905,225.83630952380952,2.572857142857143,0.5963698719438606,-0.1964575387819405,0.19354761904761908
E0267,Malawi,L0125,2023,1,Irrigation,-12.952,33.703,2023-06-07,2023-11-29 00:00:00,73.0,160.0,25,1.0,1,175,0,73.0,160.0,101.71000000000001,125.19999999999999,2023-08-19,2023-09-17,2023-10-10,2023-11-14,2023-09-17,2023-09-03,15,0,0,0,17.12142857142857,27.835714285714282,1,312,0.2,0,48.43452380952381,1.4707440476190474,265.51488095238096,4.293898809523809,0.9268671357950918,-0.11199011568832382,0.09701785714285714
E0271,Malawi,L0124,2023,2,Irrigation,-16.106,34.84,2024-01-13,2024-05-09 00:00:00,41.33333333,105.6666667,32,2.53125,4,117,1,41.33333333,105.6666667,62.5633333421,79.933333352,2024-02-23,2024-03-16,2024-04-02,2024-04-28,2024-03-16,2024-03-02,11,65,6,6,24.635714285714283,33.80714285714286,14,196,33.300000000000004,8,75.34821428571429,1.0869642857142858,241.00892857142858,1.9683035714285715,-0.055894999414147446,0.09103714426004446,0.3393333333333333
E0272,Malawi,L017,2023,2,Rainfed,-13.631,32.544,2024-01-02,2024-05-01 00:00:00,45.0,109.0,29,1.0,1,120,0,45.0,109.0,66.12,83.4,2024-02-16,2024-03-08,2024-03-25,2024-04-20,2024-03-08,2024-02-23,11,101,9,9,19.435714285714287,27.02857142857143,2,328,101.5,10,79.67857142857143,0.623720238095238,197.8422619047619,2.8273214285714285,0.3289472806409812,-0.1662904607279589,0.4107113095238095
E0273,Malawi,L0131,2023,2,Irrigation,-16.254,34.895,2024-03-31,2024-07-19 00:00:00,65.0,89.0,32,1.0,1,110,0,65.0,89.0,72.92,79.4,2024-06-04,2024-06-12,2024-06-18,2024-06-28,2024-06-12,2024-05-29,21,14,0,0,18.30714285714286,31.571428571428573,8,270,6.1,2,60.57440476190476,1.407827380952381,183.63095238095238,1.877797619047619,0.2580316581892245,-0.47710193824784364,0.2281607142857143
E0274,Malawi,L0125,2023,2,Rainfed,-12.952,33.703,2023-12-28,2024-04-17 00:00:00,44.0,118.0,32,1.0,1,111,0,44.0,118.0,68.42,88.4,2024-02-10,2024-03-05,2024-03-25,2024-04-24,2024-03-05,2024-02-20,-7,147,13,12,18.314285714285713,25.564285714285717,0,331,145.20000000000002,9,83.13988095238095,0.4875595238095238,208.92559523809524,2.568571428571429,0.45143780011666096,-0.34827626638764014,0.3345982142857143
E0275,Malawi,L0132,2023,2,Irrigation,-13.628,34.394,2024-02-13,2024-06-01 00:00:00,42.66666667,97.0,29,3.1379310344827585,5,109,1,42.66666667,97.0,60.5966666689,75.266666668,2024-03-27,2024-04-14,2024-04-28,2024-05-20,2024-04-14,2024-03-31,12,68,7,7,22.16428571428571,29.3,3,304,16.900000000000006,3,76.86904761904762,0.8032440476190476,251.7470238095238,2.785565476190476,0.1751969320420354,-0.4745061158630152,0.25292857142857145
E0276,Malawi,L0105,2023,2,Irrigation,-13.41,33.612,2023-12-27,2024-04-22 00:00:00,,,32,1.0,1,117,0,49.33333333,110.0,69.3533333311,85.733333332,2024-02-14,2024-03-05,2024-03-22,2024-04-15,2024-03-05,2024-02-20,7,115,10,9,18.071428571428573,26.49285714285714,0,328,103.89999999999999,8,79.49702380952381,0.6064285714285714,221.97619047619048,2.2135714285714285,0.2934484182393667,-0.37840107208410795,0.41842559523809525
E0278,Zambia,L0133,2023,2,Irrigation,-15.333,28.391,2023-12-02,2024-04-25 00:00:00,55.66666667,128.6666667,29,1.1724137931034482,3,145,1,55.66666667,128.6666667,79.75666667990001,99.466666688,2024-01-27,2024-02-20,2024-03-10,2024-04-09,2024-02-20,2024-02-06,16,0,0,0,18.52142857142857,30.199999999999996,7,276,2.7,1,58.642857142857146,1.4002083333333335,314.30059523809524,2.672053571428571,0.5038622991059025,-0.100786703627705,0.22868452380952378
E0279,Zambia,L0134,2023,2,Supplementary,-13.879,29.106,2023-12-22,2024-03-05 00:00:00,44.0,109.3333333,29,1.0,1,74,0,44.0,109.3333333,65.559999989,83.19999998,2024-02-04,2024-02-26,2024-03-14,2024-04-09,2024-02-26,2024-02-12,-35,14,1,1,18.528571428571432,30.64285714285714,10,273,14.0,2,58.214285714285715,1.4391666666666667,297.3392857142857,2.5306845238095237,0.5584399058443515,0.03611232029478627,0.1441845238095238
E0281,Zambia,L099,2023,2,Supplementary,-15.409,28.081,2023-12-18,2024-05-17 00:00:00,49.33333333,115.0,29,1.0,1,151,0,49.33333333,115.0,71.00333333110001,88.733333332,2024-02-05,2024-02-27,2024-03-16,2024-04-11,2024-02-27,2024-02-13,36,0,0,0,20.228571428571428,31.0,12,261,2.7,1,51.479166666666664,1.6764880952380952,315.75,3.3766369047619045,0.6589657086163137,0.19528854793847505,0.2512738095238095
E0282,Zambia,L074,2023,2,Irrigation,-13.547,28.06,2023-12-24,2024-05-06 00:00:00,46.66666667,112.0,29,1.0,1,134,0,46.66666667,112.0,68.2266666689,85.866666668,2024-02-09,2024-03-01,2024-03-19,2024-04-14,2024-03-01,2024-02-16,22,67,5,5,17.771428571428576,29.335714285714293,7,283,27.900000000000002,3,69.44345238095238,1.0144940476190476,275.3690476190476,2.152738095238095,0.5483269289389279,0.11379243416288543,0.2545684523809524
E0283,Zambia,L0118,2023,2,Rainfed,-15.34,28.52,2023-12-18,2024-04-26 00:00:00,49.66666667,122.6666667,29,1.0,1,130,0,49.66666667,122.6666667,73.7566666799,93.466666688,2024-02-06,2024-03-01,2024-03-20,2024-04-19,2024-03-01,2024-02-16,7,17,0,0,19.057142857142857,30.307142857142857,11,265,22.7,2,58.857142857142854,1.410952380952381,294.74107142857144,2.5892559523809524,0.5391468010675863,-0.14244372826527693,0.27461011904761906
E0285,Zambia,L0136,2023,2,Rainfed,-12.423,26.217,2023-12-31,2024-05-12 00:00:00,49.0,111.0,29,1.2413793103448276,3,133,1,49.0,111.0,69.46000000000001,86.19999999999999,2024-02-18,2024-03-09,2024-03-26,2024-04-20,2024-03-09,2024-02-24,22,140,13,12,17.27142857142857,28.199999999999996,0,318,44.2,9,79.63392857142857,0.6435416666666667,257.7916666666667,1.8402976190476192,0.3281100974753295,0.31018538113323546,0.4419107142857144
E0289,Malawi,L0124,2024,1,Irrigation,-16.146,34.874,2024-07-24,2024-12-10 00:00:00,38.66666667,112.5,30,1.0,1,139,0,38.66666667,112.5,63.0316666689,82.96666666799999,2024-09-01,2024-09-25,2024-10-15,2024-11-13,2024-09-25,2024-09-11,27,8,1,1,21.471428571428568,36.221428571428575,11,208,12.899999999999999,2,45.154761904761905,2.4442261904761904,241.66071428571428,2.716458333333333,0.29743249921644344,-0.3821387361497084,0.2156815476190476
E029,Malawi,L012,2018,2,Rainfed,-9.926,33.909,2019-01-03,2019-05-07 00:00:00,40.333333335,117.66666665,30,1.4666666666666666,3,124,1,40.333333335,117.66666665,65.85333332895,86.733333324,2019-02-12,2019-03-10,2019-03-31,2019-05-01,2019-03-10,2019-02-24,6,102,11,11,23.19285714285714,29.10714285714286,3,311,65.7,7,81.625,0.6540773809523809,248.6904761904762,1.871904761904762,-0.2775250304550428,-0.0866787358449987,0.470470238095238
E0290,Malawi,L0105,2024,1,Irrigation,-13.407,33.62,2024-07-15,2024-12-02 00:00:00,59.66666667,119.6666667,30,1.0,1,140,0,59.66666667,119.6666667,79.4666666799,95.66666668799999,2024-09-13,2024-10-02,2024-10-19,2024-11-12,2024-10-02,2024-09-18,20,0,0,0,17.364285714285717,30.264285714285712,9,262,0.9,0,44.95238095238095,1.7554464285714286,296.25,3.8663690476190475,0.8775680403562841,0.08599115735763053,0.19932738095238092
E0292,Malawi,L0138,2024,2,Rainfed,-12.947,33.688,2025-01-03,2025-05-07 00:00:00,48.0,104.0,32,1.0,1,124,0,48.0,104.0,66.48,81.6,2025-02-20,2025-03-10,2025-03-26,2025-04-17,2025-03-10,2025-02-24,20,102,9,9,18.985714285714284,27.157142857142855,0,336,37.2,10,79.49107142857143,0.6162202380952382,244.42559523809524,2.831845238095238,0.19119712298015415,-0.12096329411644655,0.1960952380952381
E030,Malawi,L011,2018,2,Rainfed,-13.973,33.517,2018-12-19,2019-05-02 00:00:00,46.0,102.16666665,30,1.3666666666666667,3,134,1,46.0,102.16666665,64.5349999945,79.69999999,2019-02-03,2019-02-22,2019-03-09,2019-03-31,2019-02-22,2019-02-08,32,178,14,14,17.778571428571432,25.321428571428566,0,334,83.4,11,86.74702380952381,0.37877976190476187,217.02678571428572,2.3313690476190474,0.5182019031344596,0.13995207244245936,0.48783035714285716
E031,Malawi,L010,2018,2,Rainfed,-13.69,34.25,2018-12-14,2019-05-10 00:00:00,39.0,105.16666665,30,1.5666666666666667,3,147,1,39.0,105.16666665,60.834999994499995,78.69999999,2019-01-22,2019-02-13,2019-03-03,2019-03-29,2019-02-13,2019-01-30,42,148,13,13,21.164285714285715,27.25714285714286,0,336,164.9,14,86.12202380952381,0.43449404761904764,202.1547619047619,1.565238095238095,0.1673875606558742,-0.2592948847447719,0.4149523809523809
E032,Malawi,L024,2018,2,Rainfed,-15.922,35.073,2018-12-13,2019-05-25 00:00:00,38.333333335,94.83333333499999,30,2.5,4,163,1,38.333333335,94.83333333499999,56.978333335,72.233333335,2019-01-20,2019-02-08,2019-02-23,2019-03-18,2019-02-08,2019-01-25,68,175,14,13,17.9,24.15,0,322,56.2,11,86.33333333333333,0.36940476190476185,222.4672619047619,2.638720238095238,0.6116704040166374,-0.3986419185399564,0.4593422619047619
E033,Malawi,L017,2018,2,Rainfed,-13.637,32.488,2018-12-14,2019-05-10 00:00:00,44.0,109.0,30,1.5666666666666667,3,147,1,44.0,109.0,65.45,83.0,2019-01-27,2019-02-17,2019-03-07,2019-04-02,2019-02-17,2019-02-03,38,134,11,11,19.52857142857143,26.592857142857138,0,334,103.3,12,84.2797619047619,0.47330357142857143,220.60119047619048,2.2947916666666663,0.45934293820159705,0.07944513522653705,0.4921875
E035,Malawi,L016,2018,2,Rainfed,-13.419,33.614,2018-12-17,2019-04-28 00:00:00,46.33333333,85.33333333499999,30,1.0,1,132,0,46.33333333,85.33333333499999,59.20333333165,69.73333333299999,2019-02-01,2019-02-14,2019-02-25,2019-03-12,2019-02-14,2019-01-31,47,165,14,14,18.264285714285716,24.96428571428571,0,336,136.9,12,86.7827380952381,0.363422619047619,193.30357142857142,2.1861309523809522,0.6376284718555242,0.17336524370805936,0.4955476190476191
E036,Malawi,L015,2018,2,Rainfed,-12.942,33.466,2018-12-21,2019-04-26 00:00:00,58.333333335,104.83333335,30,1.0,1,126,0,58.333333335,104.83333335,73.67833333995,86.233333344,2019-02-17,2019-03-05,2019-03-17,2019-04-05,2019-03-05,2019-02-19,21,157,14,14,17.985714285714288,26.32857142857143,0,326,37.9,6,82.80654761904762,0.5274702380952382,228.23809523809524,1.7336309523809523,0.49648577888706635,-0.085249488588401,0.34657738095238094
E075,Malawi,L063,2019,1,Rainfed,-14.264,34.57,2019-07-14,2019-12-03 00:00:00,53.66666667,95.83333333,40,1.025,2,142,0,53.66666667,95.83333333,67.5816666678,78.966666666,2019-09-06,2019-09-20,2019-10-01,2019-10-18,2019-09-20,2019-09-06,46,0,0,0,20.400000000000002,30.33571428571429,10,257,0.6000000000000001,0,45.589285714285715,1.8470833333333334,247.82738095238096,2.953303571428571,0.14864329750255661,-0.4034024240762017,0.18310714285714283
E076,Malawi,L064,2019,1,Rainfed,-15.221,35.491,2019-07-15,2019-12-15 00:00:00,53.5,118.5,40,1.0,1,153,0,53.5,118.5,74.95,92.5,2019-09-07,2019-09-28,2019-10-15,2019-11-10,2019-09-28,2019-09-14,35,21,0,0,17.799999999999997,29.285714285714285,4,261,6.1,2,56.166666666666664,1.426875,263.0238095238095,2.8033630952380952,0.2798987523188249,-0.5177361561696714,0.10070535714285714
E077,Malawi,L017,2019,1,Rainfed,-13.672,32.66,2019-06-28,2019-12-27 00:00:00,59.0,128.33333335,40,1.0,1,182,0,59.0,128.33333335,81.8800000055,100.60000001,2019-08-26,2019-09-18,2019-10-07,2019-11-03,2019-09-18,2019-09-04,54,0,0,0,16.4,28.35714285714286,6,241,0.0,0,43.95238095238095,1.6797321428571426,253.13690476190476,4.480684523809524,0.6503493105584232,-0.4377854780539822,0.20611309523809526
E078,Malawi,L016,2019,1,Rainfed,-13.251,33.369,2019-06-25,2020-01-11 00:00:00,83.0,140.0,40,1.0,1,200,0,83.0,140.0,101.81,117.19999999999999,2019-09-16,2019-10-05,2019-10-20,2019-11-12,2019-10-05,2019-09-21,60,0,0,0,17.035714285714285,29.29285714285714,5,261,9.8,2,50.467261904761905,1.531607142857143,255.10416666666666,4.117291666666667,0.7975014953204516,-0.1297504058291732,0.20447619047619045
E079,Malawi,L015,2019,1,Rainfed,-12.563,33.277,2019-06-25,2020-01-31 00:00:00,75.0,114.0,40,1.0,1,220,0,75.0,114.0,87.87,98.4,2019-09-08,2019-09-21,2019-10-01,2019-10-17,2019-09-21,2019-09-07,106,0,0,0,15.621428571428572,27.564285714285713,1,266,0.2,0,48.79761904761905,1.426875,264.11309523809524,4.86452380952381,0.9049662573325372,-0.24430569089400966,0.09760714285714284
E092,Malawi,L071,2019,2,Rainfed,-12.117,33.421,2019-12-27,2020-04-27 00:00:00,45.666666665,110.16666665,30,2.466666666666667,4,122,1,45.666666665,110.16666665,66.95166666005,84.36666665599999,2020-02-11,2020-03-03,2020-03-20,2020-04-15,2020-03-03,2020-02-18,12,140,14,14,17.764285714285716,25.321428571428577,0,336,95.69999999999997,11,82.9047619047619,0.47872023809523806,225.91369047619048,2.0696130952380956,0.4124805397536361,-0.17550892357825193,0.38861011904761905
E093,Malawi,L011,2019,2,Rainfed,-13.979,33.645,2019-12-19,2020-04-13 00:00:00,42.33333333,100.5,30,3.4,5,116,1,42.33333333,100.5,61.5283333311,77.233333332,2020-01-30,2020-02-19,2020-03-05,2020-03-28,2020-02-19,2020-02-05,16,196,14,14,18.650000000000002,25.392857142857142,0,336,139.0,14,89.29464285714286,0.30738095238095237,184.77380952380952,1.8738988095238096,0.5196529916735455,0.17181275450624228,0.49388988095238096
E094,Malawi,L010,2019,2,Rainfed,-13.673,34.266,2019-12-21,2020-04-09 00:00:00,46.833333335,105.5,30,1.0,1,110,0,46.833333335,105.5,66.19333333445,82.03333333399999,2020-02-06,2020-02-25,2020-03-12,2020-04-05,2020-02-25,2020-02-11,4,199,14,14,21.700000000000006,27.949999999999996,1,323,222.59999999999997,12,88.02380952380952,0.4024702380952381,203.64583333333334,1.3589880952380953,-0.10089033378789461,-0.004287659244105278,0.4031726190476191
E095,Malawi,L024,2019,2,Rainfed,-15.926,35.067,2019-12-23,2020-05-11 00:00:00,50.5,110.83333335,30,1.9,4,140,1,50.5,110.83333335,70.4100000055,86.70000001,2020-02-11,2020-03-02,2020-03-19,2020-04-12,2020-03-02,2020-02-17,29,168,14,12,17.999999999999996,24.53571428571428,0,323,67.29999999999998,10,85.86607142857143,0.4006547619047619,234.58333333333334,2.7682738095238095,0.3114198847398954,-0.599470104752907,0.4656904761904762
E096,Malawi,L017,2019,2,Irrigation,-13.658,32.557,2019-12-27,2020-05-05 00:00:00,45.0,113.0,30,1.1,3,130,1,45.0,113.0,67.44,85.8,2020-02-10,2020-03-03,2020-03-22,2020-04-18,2020-03-03,2020-02-18,17,119,11,11,18.914285714285715,26.349999999999998,0,334,76.29999999999998,9,81.85714285714286,0.541875,231.54464285714286,2.9305059523809525,0.4218471192735542,-0.5403872092933177,0.4527380952380953
E097,Malawi,L072,2019,2,Irrigation,-13.919,33.677,2019-12-17,2020-04-27 00:00:00,43.0,103.5,30,2.466666666666667,4,132,1,43.0,103.5,62.965,79.3,2020-01-29,2020-02-18,2020-03-05,2020-03-30,2020-02-18,2020-02-04,28,192,14,14,18.564285714285713,25.58571428571429,0,336,126.5,13,88.05059523809524,0.3454761904761905,191.0029761904762,1.9277083333333334,0.5094380312761028,0.15500658807600384,0.4913422619047618
E098,Malawi,L016,2019,2,Irrigation,-13.407,33.621,2019-12-12,2020-04-14 00:00:00,49.0,104.5,30,2.8,4,124,1,49.0,104.5,67.315,82.3,2020-01-30,2020-02-17,2020-03-03,2020-03-25,2020-02-17,2020-02-03,20,195,14,14,18.635714285714283,25.3,0,336,161.89999999999998,13,87.29464285714286,0.35869047619047617,202.14285714285714,2.326845238095238,0.5219014409854449,0.3615439713261364,0.48072023809523806
E099,Malawi,L015,2019,2,Irrigation,-12.943,33.467,2019-12-10,2020-04-25 00:00:00,62.0,109.33333335,30,1.0666666666666667,2,137,0,62.0,109.33333335,77.6200000055,90.40000001,2020-02-10,2020-02-26,2020-03-09,2020-03-28,2020-02-26,2020-02-12,28,176,14,14,19.428571428571427,26.307142857142853,0,336,113.60000000000001,11,86.71130952380952,0.4097321428571429,203.83630952380952,2.01375,0.5263423005405621,0.05629999996465598,0.3872023809523809
